img,c0,c1,c2,c3,c4,c5,c6,c7,c8,c9
img_139.jpg,0.9132635593414307,1.8767394067253917e-05,2.2575857656192966e-05,0.0009215030004270375,0.0010349928634241223,0.00028731394559144974,1.6224771570705343e-06,3.4643094295461196e-06,0.000835901708342135,0.08361026644706726
img_34.jpg,0.9782774448394775,0.00010116343764821067,8.260665345005691e-05,0.0026841701474040747,0.0072704460471868515,9.153170685749501e-05,7.178150099207414e-06,2.4880851015041117e-06,0.0008810787694528699,0.010601893067359924
img_104.jpg,0.9530176520347595,6.615609163418412e-05,1.0669090443116147e-05,0.0064628273248672485,0.016052791848778725,5.1705817895708606e-05,4.50444349553436e-06,4.152276687818812e-06,0.0017585628665983677,0.022571029141545296
img_208.jpg,0.9947082996368408,6.694258445349988e-06,1.8399398413748713e-06,4.3930856918450445e-05,1.5555862773908302e-05,0.0013901317724958062,6.602472808481252e-07,1.2559032711578766e-06,0.0004409450921230018,0.0033906062599271536
